organisation,location,legacy_id,organisation_id,file,source_page,asset_url,notes
NSW Department of Education,,2b9f794f-8476-801d-a192-e7d95f912d73,organisation_042052e4-1bcb-f4f0-f9d3-69a98ce4ed1d,nsw-department-of-education-042052e4.png,https://education.nsw.gov.au,https://education.nsw.gov.au/content/dam/main-education/en/home/nsw-government-logo.svg,
NSW HALT Association,,2b8f794f-8476-80f2-8cfb-c2cd9858b443,organisation_44f74d70-dbbf-7fdc-ed7f-64dbd9c1bfdb,nsw-halt-association-44f74d70.png,https://halt.ptc.nsw.edu.au,https://halt.ptc.nsw.edu.au/wp-content/uploads/2023/03/New-Logo.jpg,
Department of Psychological Sciences,UConn,272f794f-8476-8092-b366-fdf3daecfb0b,organisation_3315d815-d6ce-2ffe-017d-2dbbe39a630b,department-of-psychological-sciences-uconn-3315d815.png,https://seeklogo.com/vector-logo/306724/uconn-university-of-connecticut,https://images.seeklogo.com/logo-png/30/1/uconn-university-of-connecticut-logo-png_seeklogo-306724.png,"Linked worker identifies UConn. Parent university logo, not a department-specific mark; secondary logo source."
UNSW,,25df794f-8476-80d2-b289-d879b80e1e0f,organisation_5eda4f65-878c-094e-e5ce-a4b8e857d994,unsw-5eda4f65.png,https://www.unsw.edu.au,https://www.unsw.edu.au/content/dam/images/graphics/logos/unsw/unsw_0.png,
Loreto Kirribilli,,1a5f794f-8476-8052-aa5d-f1fac1764098,organisation_cb881d9b-ba9c-d101-fcca-dbfffe370ee1,loreto-kirribilli-cb881d9b.png,https://www.loreto.nsw.edu.au,https://www.loreto.nsw.edu.au/static/images/favicon/apple-icon-180x180.png,Official 180 px website crest icon.
St. Ignatius Riverview College,,157f794f-8476-80e2-8bdd-fc90615b739c,organisation_3482587a-3362-b041-81c1-b4eb57ee44e3,st-ignatius-riverview-college-3482587a.png,https://www.riverview.nsw.edu.au,https://www.riverview.nsw.edu.au/static/images/favicon/favicon.svg,
St. Aloysius College,Milsons Point,154f794f-8476-8096-8d33-cb09f6411dc9,organisation_44c04351-5d74-6da8-f866-28798e41e9d3,st-aloysius-college-milsons-point-44c04351.png,https://en.wikipedia.org/wiki/St_Aloysius%27_College_(Sydney),https://upload.wikimedia.org/wikipedia/en/6/69/St_Aloysius%27_College_%28Sydney%29_Logo.svg,
Xavier High School,Albury,153f794f-8476-809d-8443-ddad9f4a216d,organisation_3d54c5b4-1b00-f178-34cc-be999f46c2f3,xavier-high-school-albury-3d54c5b4.png,https://www.xccww.catholic.edu.au,https://xccww.catholic.edu.au/wp-content/uploads/2025/02/XCC-Coloured-Crest-700x700.png,Current Xavier Catholic College branding for the Albury organisation recorded as Xavier High School.
Trinity Catholic College,Adamstown,153f794f-8476-80fa-b2ae-f557d6c98527,organisation_64c1a2be-b8c5-f864-8816-135f99a7aa36,trinity-catholic-college-adamstown-64c1a2be.png,https://adamstowntcc.catholic.edu.au,https://adamstowntcc.catholic.edu.au/wp-content/uploads/2025/01/cropped-trinity_web-fav-1-192x192.png,"Trinity Catholic College Adamstown, renamed from St Pius X in 2025."
Catherine McAuley Catholic College,Medowie,153f794f-8476-8018-bb30-c46b3ee7ded0,organisation_6b5b5c16-4cb0-5e8e-a071-48337cab4c38,catherine-mcauley-catholic-college-medowie-6b5b5c16.png,https://www.medowiecmcc.catholic.edu.au,https://www.medowiecmcc.catholic.edu.au/media/pesfnx03/android-chrome-512x512.png,
NSW Education Standards Authority,,derived:org:nesa,organisation_5b6a457f-064a-b67e-b89e-00e9ccfb4277,nsw-education-standards-authority-5b6a457f.png,https://www.nsw.gov.au/education-and-training/nesa,https://www.nsw.gov.au/themes/custom/dcs_theme/favicons/sets/standard/logo.svg,
Australian Education Research Organisation (AERO),,derived:org:aero,organisation_62ac2bfb-f6c5-1bd2-c011-a1e1d5b962c5,australian-education-research-organisation-aero-62ac2bfb.png,https://www.edresearch.edu.au,https://www.edresearch.edu.au/themes/custom/aero_theme/favicon.svg,
Australian Institute for Teaching and School Leadership,,derived:org:aitsl,organisation_e38518b2-ef7f-631f-9daf-176a87ef15d6,australian-institute-for-teaching-and-school-leadership-e38518b2.png,https://www.aitsl.edu.au,https://www.aitsl.edu.au/assets/static/images/icons/favicon.svg,
St Pius X High School,Adamstown - historical,derived:org:st-pius-x,organisation_d8e110af-a1e5-c3b0-20e1-88725a819a3e,st-pius-x-high-school-adamstown-historical-d8e110af.png,https://www.pinclipart.com/pindetail/ihbbwxh_st-pius-x-high-school-adamstown-crest-st/,https://www.pinclipart.com/picdir/big/398-3986929_st-pius-x-high-school-adamstown-crest-st.png,Historical St Pius X Adamstown crest from a secondary source; retained for the separately listed legacy record.
Kooringal High School,,derived:org:kooringal-high-school,organisation_a63ff3ee-536f-a497-d0f5-83ab818756a0,kooringal-high-school-a63ff3ee.png,https://kooringal-h.schools.nsw.gov.au,https://assets.schools.nsw.gov.au/content/dam/doe/sws/schools/k/kooringal-h/logo.png,
St Joseph's High School,Aberdeen,derived:org:st-josephs-aberdeen,organisation_aaf4edb7-deda-9ec1-d7c8-e1b651dad1c5,st-josephs-high-school-aberdeen-aaf4edb7.png,https://www.aberdeen.catholic.edu.au,https://www.aberdeen.catholic.edu.au/wp-content/uploads/2024/01/ABERDEEN_St-Josephs-Catholic-College-2023.png,
Maitland Grossmann High School,,derived:org:maitland-grossmann,organisation_b5e8d6c9-278a-0db1-1b64-bb7d5c8c08ca,maitland-grossmann-high-school-b5e8d6c9.png,https://maitgross-h.schools.nsw.gov.au,https://assets.schools.nsw.gov.au/content/dam/doe/sws/schools/m/maitgross-h/logo.png,
Aboriginal Studies Association,,793f5651-2615-47f2-85e4-66665c44d440,organisation_a0008e5d-ed60-bf2a-a522-9f1cb6030126,aboriginal-studies-association-a0008e5d.png,https://www.aboriginalstudies.com.au,http://static1.squarespace.com/static/61e4c2810894091fd097c024/t/6208ab43303be013b293db1c/1644735299144/ASA-logomark.png?format=1500w,
Academica University of Applied Sciences,,ffe53d09-4967-42e2-8df0-f0b8845a4b24,organisation_0ddf159b-4b8c-eba9-e346-8facdb5e1a77,academica-university-of-applied-sciences-0ddf159b.png,https://www.academica-group.com,https://www.academica-group.com/hubfs/favicon.jpg,
Arden Anglican School,,679e5f11-89b4-4233-bedf-411359922d5a,organisation_efae2517-7a53-a2cd-ff7b-893d745610b0,arden-anglican-school-efae2517.png,https://www.arden.nsw.edu.au,https://www.arden.nsw.edu.au/wp-content/uploads/2021/05/cropped-Favicon-192x192.png.webp,
Association of Independent Schools NSW,,3f2f0cca-32d6-4c13-8b12-3c848de1751e,organisation_64d35d68-0329-a9d0-3151-7f47e518c267,association-of-independent-schools-nsw-64d35d68.png,https://education.nsw.gov.au/teaching-and-learning/animals-in-schools/about-the-animals-in-schools-content,https://education.nsw.gov.au/content/dam/main-education/en/home/teaching-and-learning/animals-in-schools/images/ISNSW_Logo-white-bg.png,Current Independent Schools NSW branding for the former AISNSW.
Athena Learning Trust,,4a4e547c-5eaf-4306-bdfc-1a06cb0f663d,organisation_08ddfabf-b9a5-bdbc-25e4-125852c3c8a8,athena-learning-trust-08ddfabf.png,https://www.athenalearningtrust.uk,https://www.athenalearningtrust.uk/_site/images/design/icon.svg,
Australian Book Review,,18f6f136-cc53-4da3-ae47-021f35baca4a,organisation_5d08e105-a42e-44d6-35b7-f0e408c7c719,australian-book-review-5d08e105.png,https://www.australianbookreview.com.au,https://www.australianbookreview.com.au/templates/yootheme_abr/favicon/apple-touch-icon.png,
Australian Democracy Network,,a9517ea8-369d-4beb-86b0-509a9c96d620,organisation_5605c095-ff0e-76b4-6485-3c918be3f548,australian-democracy-network-5605c095.png,https://australiandemocracy.org.au,https://raisely-images.imgix.net/australian-democracy-network/uploads/adn-logo-png-c92918.png,
Aylesbury Grammar School,,26d6e048-fb5d-43a1-a64c-aa0e3e7abbb7,organisation_ab014e80-6e0f-6b4c-6a11-5e04ba08b904,aylesbury-grammar-school-ab014e80.png,https://www.ags.bucks.sch.uk,https://www.ags.bucks.sch.uk/wp-content/uploads/2020/09/cropped-AGS-Logo-Crest-2020-v2-180x180.png,
Berala Public School,,1a3b1578-d754-41f1-8522-81bafe94c7cc,organisation_21a43305-5db8-2240-d495-80c1da0ea543,berala-public-school-21a43305.png,https://berala-p.schools.nsw.gov.au,https://assets.schools.nsw.gov.au/content/dam/doe/sws/schools/b/berala-p/logo.png,
Bright and Beyond,,e4966601-1ffb-43ee-b0aa-0ce4fb46bc07,organisation_4c9194a3-a0c9-8fb7-9cde-e895025e0dae,bright-and-beyond-4c9194a3.png,https://www.brightandbeyond.com.au,https://static.wixstatic.com/media/aca6c7_1c8c26cfe54c4db1bb4692881a48844c%7Emv2.png/v1/fill/w_192%2Ch_192%2Clg_1%2Cusm_0.66_1.00_0.01/aca6c7_1c8c26cfe54c4db1bb4692881a48844c%7Emv2.png,
Bryn Mawr College,,c40e8d6b-ac73-4112-84d6-7ab3f3acc23f,organisation_e3a222a7-f8a7-7371-73da-b89aa99e950c,bryn-mawr-college-e3a222a7.png,https://www.brynmawr.edu,https://www.brynmawr.edu/themes/bmc_d9/assets/favicon/apple-touch-icon.png,
Catholic Education Diocese of Wollongong,,ee35308e-f5c7-47ee-af6b-48e124d7e115,organisation_e9aa6abb-430b-5fc2-1734-c7fce10c2678,catholic-education-diocese-of-wollongong-e9aa6abb.png,https://www.dow.catholic.edu.au,https://media.digistormhosting.com.au/ceodw-au-nsw-1142-website-2024/content/logos/CEDoW-logos/logo.svg?v=1717393433,
Catholic Regional College Caroline Springs,,df0bbe07-b134-432c-bed9-dafa1fe1af42,organisation_09bc4563-cea2-0039-3060-44cc8e72905a,catholic-regional-college-caroline-springs-09bc4563.png,https://www.crccs.vic.edu.au,https://crccs.s3.ap-southeast-2.amazonaws.com/uploads/crc-logo.svg?v=1587444615,
Catholic Schools Broken Bay,,3e8f794f-8476-8078-928b-de3ddaa383d2,organisation_85eb5c53-d0bf-8105-b500-45d8e3a06429,catholic-schools-broken-bay-85eb5c53.png,https://www.csbb.catholic.edu.au,https://www.csbb.catholic.edu.au/themes/custom/csbb/assets/favicon/favicon.svg,
"Catholic Schools Office, Diocese of Maitland-Newcastle",,293a2695-a6aa-4c26-86db-234af674d7ca,organisation_0d701635-93ee-29bb-e964-e246e67098b3,catholic-schools-office-diocese-of-maitland-newcastle-0d701635.png,https://mn.catholic.edu.au/,https://mnnews.today/media/2865168/catholic-schools-office-logo-cmyk_300-01.jpg,
Catholic Schools Parramatta Diocese,,4812c799-6f9f-414a-8930-3bf360e36fa6,organisation_e04e289b-3449-0a32-0dd7-6905ad5e9403,catholic-schools-parramatta-diocese-e04e289b.png,https://www.parra.catholic.edu.au,https://www.parra.catholic.edu.au/-/media/project/cedp/shared/logos-and-crests/svg/crest-csdp-horizontal-colour.svg,
Chester Hill North Public School,,05ed3706-4bc1-40dc-b3a2-02e9e1654302,organisation_0f271426-6577-90ff-f01a-e7b3589c482a,chester-hill-north-public-school-0f271426.png,https://chesterhin-p.schools.nsw.gov.au,https://assets.schools.nsw.gov.au/content/dam/doe/sws/schools/c/chesterhin-p/logo.png,
Cognitive Resonance,,4847e68c-56a4-4d7a-9366-2750823676cd,organisation_cd11027a-d2ad-28cd-248a-c9a45330b291,cognitive-resonance-cd11027a.png,https://www.cognitiveresonance.net,https://framerusercontent.com/images/tnjxPeAjvGb8EUxMRyrLZNBmGw.png,Official site icon; original is only 93 px.
College of William & Mary,,415300f2-6cc6-4c8c-81eb-0eae91738d3a,organisation_c30ff3bd-9840-ea3c-88e9-f374cbf97d66,college-of-william-mary-c30ff3bd.png,https://www.wm.edu,https://www.wm.edu/apple-touch-icon.png,
Cornish College,,bab9fe09-607a-4806-a808-b50df6bb3dde,organisation_e5adb1db-90eb-8f71-65be-890b073fe7e4,cornish-college-e5adb1db.png,https://www.cornishcollege.vic.edu.au,https://www.cornishcollege.vic.edu.au/wp-content/uploads/Android.png,
Crikey,,86f055e1-5fcc-46dd-abc3-042675d29c34,organisation_656adf13-048b-08d6-a3d4-da0265ff15ac,crikey-656adf13.png,https://www.crikey.com.au,https://assets.crikey.com.au/wp-content/uploads/sites/3/2021/08/cropped-android-chrome-512x512-1.png?quality=70&w=192,
Eastwood Public School,,120a5b10-4814-4bc0-9c92-f1570466559c,organisation_a3d395ac-76ad-3acb-4c44-1c7caa642f1a,eastwood-public-school-a3d395ac.png,https://eastwood-p.schools.nsw.gov.au,https://assets.schools.nsw.gov.au/content/dam/doe/sws/schools/e/eastwood-p/logo.png,
Epping Boys High School,,163f5e79-dfd5-4854-bc03-994cf90f3cb6,organisation_50747f07-c407-2c22-c606-9a59292e9754,epping-boys-high-school-50747f07.png,https://eppingboy-h.schools.nsw.gov.au,https://assets.schools.nsw.gov.au/content/dam/doe/sws/schools/e/eppingboy-h/logo.png,
Forbes,,f70facc7-7ae8-4214-8605-bf721d105097,organisation_b32cd9f2-e483-3515-d46c-5df13a159fb4,forbes-b32cd9f2.png,https://www.forbes.com,https://i.forbesimg.com/114X114-F.png,
Growth Coaching International,,3be2b6c8-3316-49e0-9e05-ce61a86c17e6,organisation_d26c4c98-9f91-f4a6-b41c-d093cb81e8aa,growth-coaching-international-d26c4c98.png,https://www.growthcoaching.com.au,https://www.growthcoaching.com.au/static/images/logo.png,
Haninge Municipality,,7ef7ea3f-a1d3-4b82-979b-0b2b2c5b6068,organisation_68ea6e6f-7701-ba40-7747-548fdb8cdf38,haninge-municipality-68ea6e6f.png,https://www.haninge.se,https://www.haninge.se/Static/Images/Favicon/apple-touch-icon-114x114.png,
HP,,be66f49d-3406-45e1-b75b-d08e814d85b0,organisation_02b69b10-946f-1645-b3f4-4c8f30b4c686,hp-02b69b10.png,https://www.hp.com,https://www.hp.com/content/dam/sites/worldwide/dems/hp_og_image.jpg,
John the Baptist Catholic Primary School,Bonnyrigg Heights,7dc463a3-e394-4ea8-bf8e-386cbe90a6ff,organisation_25dc8c5b-1730-ac54-031a-60e0fe98f4f5,john-the-baptist-catholic-primary-school-bonnyrigg-heights-25dc8c5b.png,https://jbbonnyrigg.syd.catholic.edu.au,https://jbbonnyrigg.syd.catholic.edu.au/wp-content/uploads/sites/69/2020/05/Logo-John-the-Baptist-jbbonnyrigg.png,
Johns Hopkins Center for Talented Youth,,88c92a9d-32a8-4ee2-9a53-d4ae9bbbf1e8,organisation_55365312-af0c-2bf5-d968-bc560ec3dfbb,johns-hopkins-center-for-talented-youth-55365312.png,https://en.wikipedia.org/wiki/Center_for_Talented_Youth,https://thumb.wikimedia.org/wikipedia/commons/thumb/2/21/Logo_of_the_Johns_Hopkins_University_Center_for_Talented_Youth.png/250px-Logo_of_the_Johns_Hopkins_University_Center_for_Talented_Youth.png?utm_source=en.wikipedia.org&utm_campaign=parser&utm_content=thumbnail,
Kate Jones Education,,444b03b1-1db4-4e8a-ad5f-e27866e926b5,organisation_84dff9d2-211c-b0de-798f-cfb2a03de6e8,kate-jones-education-84dff9d2.png,https://www.katejoneseducation.com,https://www.katejoneseducation.com/wp-content/themes/katejones_theme/favicon/apple-icon-120x120.png,
La Trobe University,,29de36a2-4b4c-4b13-b906-d020e54a44ff,organisation_767aad6b-b7ff-366c-f625-dd7868b06b44,la-trobe-university-767aad6b.png,https://en.wikipedia.org/wiki/La_Trobe_University,https://thumb.wikimedia.org/wikipedia/en/thumb/b/be/La_Trobe_University_logo.svg/250px-La_Trobe_University_logo.svg.png?utm_source=en.wikipedia.org&utm_campaign=parser&utm_content=thumbnail,
Learning with Lee,,08de99ce-4c73-4217-97d3-e959bb076554,organisation_6fa4aada-8b29-c4fc-bed7-0490902b662c,learning-with-lee-6fa4aada.png,https://www.learnwithlee.net,https://i0.wp.com/www.learnwithlee.net/wp-content/uploads/2019/07/cropped-bitmoji-20190718055214.png?fit=192%2C192&ssl=1,"Official Learning with Lee site icon, depicting Brendan Lee; not a conventional corporate logo."
Loreto Normanhurst,,4e6efb88-9584-4473-88d8-81d17b74d9ad,organisation_e6c25219-5383-c253-1415-aa5b4f3c0e24,loreto-normanhurst-e6c25219.png,https://www.loretonh.nsw.edu.au,https://www.loretonh.nsw.edu.au/media/documents/Crest.svg,
Macarthur Girls High School,,8d05dd93-322a-475b-9b53-79e2f06dbeed,organisation_5842700d-9119-1391-c80e-c1299123c6ab,macarthur-girls-high-school-5842700d.png,https://macarthurg-h.schools.nsw.gov.au,https://assets.schools.nsw.gov.au/content/dam/doe/sws/schools/m/macarthurg-h/logo.png,
Macquarie University,,e5db0c28-cbee-4f94-88c5-d9d412174296,organisation_a0c0e858-9977-8761-7619-44591c688753,macquarie-university-a0c0e858.png,https://en.wikipedia.org/wiki/Macquarie_University,https://thumb.wikimedia.org/wikipedia/en/thumb/7/71/Logotype_of_Macquarie_University.svg/250px-Logotype_of_Macquarie_University.svg.png?utm_source=en.wikipedia.org&utm_campaign=parser&utm_content=thumbnail,
Mark Smith Educational Consulting,,e55f09b4-55d8-4f62-983e-c65138b6d52f,organisation_848d9f17-da97-2ddc-2856-08e223224313,mark-smith-educational-consulting-848d9f17.png,https://www.marksmithgifted.com.au,https://images.squarespace-cdn.com/content/v1/66498a1df5b162091caf8889/a5f65093-eaca-4141-a37c-118807254a20/Logo+Number+2+Screenshot+2024-05-21+164025.png,
Math Is FigureOutAble,,a4254153-16e6-4b31-a1fe-228d486aed61,organisation_2929c80e-8f7f-6833-5f41-3f8152e88ba4,math-is-figureoutable-2929c80e.png,https://www.mathisfigureoutable.com,https://kajabi-storefronts-production.kajabi-cdn.com/kajabi-storefronts-production/file-uploads/sites/84399/brand_styleguide/images/fe668e4-a607-bd6-6546-dba1bdee5b1e_MIF_logo_400width.png,
Mercedes College,Perth,3e7f794f-8476-801f-857f-cfea0ae303f2,organisation_12798910-6a5b-f21c-50f6-11fab63b8a83,mercedes-college-perth-12798910.png,https://www.mercedes.wa.edu.au,https://www.mercedes.wa.edu.au/wp-content/uploads/2020/06/cropped-Mercedes-favicon-192x192.png,
Meriden School,,4f6ec6ed-0114-4910-a272-f3e4d4a84317,organisation_8295fb74-6577-5218-b97d-53b94972929d,meriden-school-8295fb74.png,https://en.wikipedia.org/wiki/Meriden_School,https://thumb.wikimedia.org/wikipedia/en/thumb/f/fc/Meriden_School_logo.svg/250px-Meriden_School_logo.svg.png?utm_source=en.wikipedia.org&utm_campaign=parser&utm_content=thumbnail,
Mona Math,,284137e8-638c-46cf-b3d2-b8399e8fc162,organisation_c8510752-4d5f-dfde-05f2-31a40a76b4b5,mona-math-c8510752.png,https://monamath.com,https://i0.wp.com/monamath.com/wp-content/uploads/2025/04/cropped-cad_logo_mm_social_fullcolor_dark-2.png?fit=192%2C192&ssl=1,
Open University of the Netherlands,,0f30447e-e50f-4939-bb22-c5fbadf80c4e,organisation_6437b5cf-330b-9135-f474-02f57652bb84,open-university-of-the-netherlands-6437b5cf.png,https://www.ou.nl,https://www.ou.nl/o/corp-theme/images/favicon/apple-icon-120x120.png,
Open Up Resources,,8b99523a-678d-4dfa-b1b3-702a4c6c850b,organisation_e2e88e14-aa80-133d-8040-a7cb4af19eea,open-up-resources-e2e88e14.png,https://news.openupresources.org/open-up-resources-partners-with-el-education-to-offer-english-language-arts-curriculum,https://news.openupresources.org/hubfs/Open-Up-Resources-Logo-1600x968-4.png,
Orara High School,,7655472d-89a6-4832-a8ea-baac0f57512e,organisation_2abd837f-f879-11da-6b13-0ce991fb2dfe,orara-high-school-2abd837f.png,https://orara-h.schools.nsw.gov.au,https://assets.schools.nsw.gov.au/content/dam/doe/sws/schools/o/orara-h/logo.png,
Orygen,,fd01f389-a5d0-49e6-aef8-287a742f0413,organisation_e3800403-baaf-ee5d-941b-049a3dd18010,orygen-e3800403.png,https://www.orygen.org.au,https://www.orygen.org.au/App_Themes/Orygen2019/images/orygen_logo.svg,
Phil Lambert Consulting,,8eca3335-df4b-41cd-90c6-92aceae7c642,organisation_3ffe88f1-562b-c0d9-7d8c-1d9cf4df71e2,phil-lambert-consulting-3ffe88f1.png,https://www.phillambertconsulting.com.au,https://primary.jwwb.nl/public/t/n/c/temp-aujmjsxxnprfebermxkd/logo-phil-lambert-high-ss1tfd.jpg?enable-io=true&enable=upscale&height=70,
Pumahara Consultants,,3904fae8-9299-4bc6-b54c-5817fadba1b4,organisation_9a7a0d32-f38d-40da-ccce-7f45b26b428a,pumahara-consultants-9a7a0d32.png,https://www.pumaharaconsultants.co.nz,https://www.pumaharaconsultants.co.nz/wp-content/uploads/2020/08/Pumahara-Consultants-Koru-logo-300x300.png,
Quakers Hill High School,,79472cca-2016-45dd-882e-fa3544dcf55a,organisation_f21585a1-c4a5-3330-f65b-fba7a537b78b,quakers-hill-high-school-f21585a1.png,https://quakershil-h.schools.nsw.gov.au,https://assets.schools.nsw.gov.au/content/dam/doe/sws/schools/q/quakershil-h/logo.png,
Regentville Public School,,b16e8ccb-b7ea-4726-838f-6834c2303d73,organisation_020d2f14-15f6-a352-0fca-11a673fa9f72,regentville-public-school-020d2f14.png,https://regentvill-p.schools.nsw.gov.au,https://assets.schools.nsw.gov.au/content/dam/doe/sws/schools/r/regentvill-p/logo.png,
Responsible Metaverse Alliance,,ecddab5a-4a8c-419b-9c38-1b82376431e0,organisation_a0ee21fc-beed-dc34-cd96-e9dc9d1ee6b6,responsible-metaverse-alliance-a0ee21fc.png,https://responsiblemetaverse.org,https://responsiblemetaverse.org/wp-content/uploads/2022/07/cropped-rma-favicon-192x192.png,
Rethinking Education,,104e538d-3831-4958-94c3-d9af07dfdcb7,organisation_50b8fd49-21c4-97b7-7f7b-b0869be71020,rethinking-education-50b8fd49.png,https://www.rethinking-ed.org,https://static.wixstatic.com/media/d64b93_6169252f263446c9a83a8204c4b62c0b%7Emv2.jpg/v1/fill/w_192%2Ch_192%2Clg_1%2Cusm_0.66_1.00_0.01/d64b93_6169252f263446c9a83a8204c4b62c0b%7Emv2.jpg,
RMIT University,,d752a5a7-f882-4af4-85db-ae292e79b7f4,organisation_00bb4ea8-28f3-b048-a8eb-a6a3b5c0549d,rmit-university-00bb4ea8.png,https://www.rmit.edu.au,https://www.rmit.edu.au/apple-touch-icon.png,
Rooty Hill Public School,,a68f2b25-bb8f-4ed7-87d3-c748f98f558c,organisation_75487238-d528-dd29-ffe6-e5bff5da922a,rooty-hill-public-school-75487238.png,https://rootyhill-p.schools.nsw.gov.au,https://assets.schools.nsw.gov.au/content/dam/doe/sws/schools/r/rootyhill-p/logo.png,
Rosebank College,,6235939a-e39b-41dc-9d99-b9273c6d2cb5,organisation_5b4ee5a1-5dae-e5ec-9141-d27a1c3cbee0,rosebank-college-5b4ee5a1.png,https://www.rosebank.nsw.edu.au,https://www.rosebank.nsw.edu.au/apple-touch-icon.png,
Rural Learning Exchange,,9fe16bc6-6208-4cb1-b226-0325dad1dc8a,organisation_5852953f-205d-dd8c-8e11-360fcfcefa67,rural-learning-exchange-5852953f.png,https://education.nsw.gov.au/teaching-and-learning/curriculum/rural-learning-exchange,https://education.nsw.gov.au/content/dam/main-education/documents/teaching-and-learning/curriculum/images/rural-learning-exchange-logo.png,
Savvas Learning,,ca64c972-ab09-4434-81c7-a833dc43ab25,organisation_93898fd6-329a-0602-491e-a62fdd51a937,savvas-learning-93898fd6.png,https://www.savvas.com,/Users/adamrussell/Documents/Codex/2026-10-02/in-github-professional-organisations-how-many/work/raw/80-inline-0.svg,
Seda Educational Consulting,,1ae73fad-c8d9-4547-8f43-71d1b04f70fd,organisation_11075aa9-c4f9-5f6d-2003-122b9e032c86,seda-educational-consulting-11075aa9.png,https://www.sedaeducationalconsulting.com,"https://static.wixstatic.com/media/08906a_3b3e9a2bdecc44d8a9387c3cfdc5c96e%7Emv2.png/v1/fit/w_2500,h_1330,al_c/08906a_3b3e9a2bdecc44d8a9387c3cfdc5c96e%7Emv2.png",
St John Paul College,Coffs Harbour,17b231d0-66fc-4384-a727-cae05387fedf,organisation_970e23aa-fd29-5290-6f9c-50f2fdcc8c9e,st-john-paul-college-coffs-harbour-970e23aa.png,https://cofhslism.catholic.edu.au,https://sjpccoffs.schoolzineplus.com/_image/setting/48/logo_archived_54d06c98e5099.png,
St John the Apostle Catholic Primary School,Narraweena,0e678b78-99fe-45be-be77-9af7c39c3c4c,organisation_8c51169f-e78a-5f6a-efaa-d5f6d80677f9,st-john-the-apostle-catholic-primary-school-narraweena-8c51169f.png,https://www.sjandbb.catholic.edu.au,https://www.sjandbb.catholic.edu.au/wp-content/uploads/2026/03/St-Johns-Narraw-SQ-1-768x778.png,
St John's College Preparatory School,Johannesburg,664bfdb5-0093-43da-b08e-efbf2f820a65,organisation_f238a153-7627-00aa-b445-eb1030f60d55,st-johns-college-preparatory-school-johannesburg-f238a153.png,https://www.stjohnscollege.co.za,https://www.stjohnscollege.co.za/favicons/favicon.svg,
St Kevin's College,Melbourne,38439037-79ef-4685-9d39-320e2687b16a,organisation_f08ed778-67d7-6b91-a5e5-9be0618c25b5,st-kevins-college-melbourne-f08ed778.png,https://www.stkevins.vic.edu.au,https://www.stkevins.vic.edu.au/favicon/apple-touch-icon.png,
St Luke's Church of England School,Exeter,3b43999a-8a01-4891-ad08-28d9750dd511,organisation_21ae3bc1-52ed-886d-a0a9-895dd572e09b,st-lukes-church-of-england-school-exeter-21ae3bc1.png,https://www.stlukescofe.school,https://www.stlukescofe.school/_site/images/design/logo.jpg,
St. Mark's School of Texas,,be9873b9-77a2-482a-8841-8f0f925d015f,organisation_240ba816-6e55-80f0-15eb-13d252e19d23,st-marks-school-of-texas-240ba816.png,https://www.theibsc.org/about-ibsc/membership/membership-types-fees/ibsc-founding-members,https://www.theibsc.org/uploaded/IBSC/school_logos/st_marks_school_texas.png,
Stanford University,,fae26a81-2729-4643-9e6d-e8fe0c5229dd,organisation_b4a03fc1-bbf9-9f43-01f8-b4e3b3ef94d7,stanford-university-b4a03fc1.png,https://www.stanford.edu,https://www.stanford.edu/icon1.png?icon1.2k3tekyi17a_q.png?dpl=12d2275c48d2f16430c650f3bc91386e628da7ca30dc04a99662e61c5064fa09366162316136383165376266343730303039663263323765,
Steplab Australia,,2ea75e5b-6d3f-43bb-afef-ebffb9242e50,organisation_881e25d5-ece2-eb34-f34c-99c7e3ef264e,steplab-australia-881e25d5.png,https://steplab.co,https://steplab.co/_next/static/media/steplab_original_logo.a5e2db5a.png,
Sydney Grammar School,,ce192f08-96ae-4476-b4c5-71835e9c63b3,organisation_3e9408c2-55a1-0fd8-c674-6bc63ba30f04,sydney-grammar-school-3e9408c2.png,https://www.sydgram.nsw.edu.au,https://www.sydgram.nsw.edu.au/static/images/favicon/favicon.svg,
Szott Education Consulting,,78202180-0801-4a90-b994-93cc10cc613c,organisation_68b6bb5f-9e06-947e-7ede-49c5e5f1fac6,szott-education-consulting-68b6bb5f.png,https://summit.makemathmoments.com/speakers/aaron-szott/,https://d2q846bclm63a8.cloudfront.net/media/thumbnails/uploads/events/2025-make-math-moments-virtual-summit/Jh7squ25xyveQhGHXdJK3q.jpg_full_size.jpg,Logo supplied on a speaker/event page; secondary source.
teacherhead,,34fba0c7-6569-47c8-9699-fe6ecc533638,organisation_4a2b072e-36cf-06a6-a861-8d0c31c1ac2f,teacherhead-4a2b072e.png,https://teacherhead.com,https://secure.gravatar.com/blavatar/b088668006ae9ea52f6154d2c91bba86a2b54839d6c4ed918bbc953868c84a05?s=200&ts=1790837034,
The Ethics Centre,,58d17ee8-e4be-4050-abd1-1257f820aafb,organisation_41dccea5-2aef-3c8f-142e-f0b7dc0774d9,the-ethics-centre-41dccea5.png,https://www.onlysydney.com.au/the-ethics-centre,https://www.onlysydney.com.au/image/ico-ethicsc.jpg,Logo from a directory; secondary source.
The Hills Grammar School,,267ce848-496c-4951-85d7-7556a9dd9bb6,organisation_d1c50cac-c34c-a34d-bb67-1cf378aaf73c,the-hills-grammar-school-d1c50cac.png,https://www.hillsgrammar.nsw.edu.au,https://www.hillsgrammar.nsw.edu.au/wp-content/uploads/2025/10/cropped-Hills-Grammar-FAV-icon-180x180.jpg,
The Learning Future,,dea30094-05a9-44d3-8739-a5ebcbb0234d,organisation_a8bc0bdf-ba93-6a97-808c-c0ac3c8a93eb,the-learning-future-a8bc0bdf.png,https://www.thelearningfuture.com,https://images.squarespace-cdn.com/content/v1/5f3a60f80638305e031c31bd/1597905131733-2PWCU79X2MUT758IG324/favicon.ico?format=100w,
The Optimism Company,,d3a143d8-ba4f-4ccd-a8e4-79e6aa9cada5,organisation_1382b7c1-6622-363a-46a5-85750f326d1d,the-optimism-company-1382b7c1.png,https://simonsinek.com,https://simonsinek.com/apple-touch-icon.png,
The University of Texas at Austin,,4bca8891-a939-4d49-a8f8-022e83e402b6,organisation_34b8dfbb-1d8f-9d76-8194-3e790856978d,the-university-of-texas-at-austin-34b8dfbb.png,https://www.utexas.edu,https://www.utexas.edu/mstile-150x150.png,
Think Forward Educators,,4f22305c-527c-4d2d-a13c-f3cc85814a11,organisation_b4f31249-dfdb-b34c-b127-0bfcef49a37c,think-forward-educators-b4f31249.png,https://thinkforwardeducators.org,http://static1.squarespace.com/static/5f050d35935393461315c3ff/t/5f1be1f833dc544479f7421a/1595662844444/Think+Forward+Logologo.jpg?format=1500w,
Tintern Grammar,,1277e6eb-a05b-4631-a2d6-8060717c41df,organisation_6e1d418e-8e30-853e-8f6a-e60a5f39185e,tintern-grammar-6e1d418e.png,https://www.tintern.vic.edu.au,https://www.tintern.vic.edu.au/wp-content/uploads/2019/03/TinternLogo_New.svg,Crest extracted intact from the official vector wordmark; original full wordmark included.
Tustin Unified School District,,1eeec98c-55a6-4d71-83ad-071e8e850d3f,organisation_8ad611a9-e060-dd23-8b33-4744548be1c9,tustin-unified-school-district-8ad611a9.png,https://www.tustin.k12.ca.us,https://resources.finalsite.net/images/v1660050207/tustink12caus/my0oyndiey8lo5chhlye/TustinUnifiedSchoolDistrict.svg,Official vector website logo.
UCL Institute of Education,,d76acf2f-5266-48d2-943a-2415cb812e91,organisation_78eb79fc-f626-e228-111d-2fb0fa7090e7,ucl-institute-of-education-78eb79fc.png,https://en.wikipedia.org/wiki/UCL_Institute_of_Education,https://thumb.wikimedia.org/wikipedia/en/thumb/0/0d/UCL_Institute_of_Education_logo%2C_in_use_from_February_2026.jpg/250px-UCL_Institute_of_Education_logo%2C_in_use_from_February_2026.jpg?utm_source=en.wikipedia.org&utm_campaign=parser&utm_content=thumbnail,Current UCL IOE wordmark.
University of Alabama,,8f9a6425-270e-4cd6-83a9-4fa71309afa4,organisation_bf2d2fbb-3b33-975b-d692-7d53926f996d,university-of-alabama-bf2d2fbb.png,https://www.ua.edu,https://www.ua.edu/wp-content/themes/ua-theme/assets/images/icon.svg,
University of Kansas,,7c978bdd-c1f8-4167-a805-ac4fdb839250,organisation_05a22316-11af-d89f-39fa-2f13a735a265,university-of-kansas-05a22316.png,https://www.ku.edu,https://www.ku.edu/libraries/ku-web-styleguide/images/logos/KUSig_Horz_Web_Blue.png,
University of Melbourne,,3b75bd85-6264-4b1b-a742-719fcea2044b,organisation_d2cfab46-7aab-3588-8ed9-173bfd4b1aed,university-of-melbourne-d2cfab46.png,https://en.wikipedia.org/wiki/University_of_Melbourne,https://thumb.wikimedia.org/wikipedia/en/thumb/5/50/The_University_of_Melbourne_Logo.svg/250px-The_University_of_Melbourne_Logo.svg.png?utm_source=en.wikipedia.org&utm_campaign=parser&utm_content=thumbnail,
University of Newcastle,,003621b5-5e02-4ae6-b408-6bde15597e53,organisation_61ba9000-bffa-27b7-8378-f7520195071e,university-of-newcastle-61ba9000.png,https://en.wikipedia.org/wiki/University_of_Newcastle_%28Australia%29,https://thumb.wikimedia.org/wikipedia/en/thumb/b/b6/The_University_of_Newcastle%2C_Australia_Logo.png/250px-The_University_of_Newcastle%2C_Australia_Logo.png?utm_source=en.wikipedia.org&utm_campaign=parser&utm_content=thumbnail,
University of Roehampton,,3e7f794f-8476-8041-ba3d-cde76dac3a3e,organisation_21422a42-a344-dcc2-7d4d-f994d345f86a,university-of-roehampton-21422a42.png,https://www.roehampton.ac.uk,https://www.roehampton.ac.uk/Static/images/roehampton-logo-trans.svg,
University of Sydney,,a7d8e844-4164-4dd9-bc70-7ad840ba8c31,organisation_c80a9b0b-6e17-a7bd-e04a-62b1cde64c7f,university-of-sydney-c80a9b0b.png,https://www.sydney.edu.au,https://www.sydney.edu.au/content/dam/icons/logos/logo-usyd-dark.svg,Shield extracted intact from the official vector wordmark; original full wordmark included.
University of Technology Sydney,,5728e585-84db-4682-a0bd-ff045b4483ec,organisation_ce4e0382-31e5-4c62-9db0-baf181b6ae19,university-of-technology-sydney-ce4e0382.png,https://www.uts.edu.au,https://www.uts.edu.au/globalassets/resizer/restricted/media/all-pages-sitewide/header/restricteduts-alt-logoheader.svg,
University of Toronto,,16df96a3-4a79-4676-b11e-870d0d5bc044,organisation_edfbd3ef-9dbf-919e-768d-84203ac5086f,university-of-toronto-edfbd3ef.png,https://www.utoronto.ca,https://www.utoronto.ca/themes/custom/bootstrap_uoft/logo.svg,
UpGuard,,3e7f794f-8476-80e3-883c-d34e5c342d23,organisation_8d6d56c6-0103-6300-baf9-54df70424c9e,upguard-8d6d56c6.png,https://www.upguard.com,https://www.upguard.com/favicon.svg,
Wesley College,Melbourne,e8b617fd-8d0d-4807-a792-9fa65a3849f1,organisation_1b7640e1-53b8-6067-20ac-b598337d0c7f,wesley-college-melbourne-1b7640e1.png,https://en.wikipedia.org/wiki/Wesley_College_%28Victoria%29,https://thumb.wikimedia.org/wikipedia/en/thumb/6/6a/Wesley_College%2C_Melbourne_-_Crest.png/250px-Wesley_College%2C_Melbourne_-_Crest.png?utm_source=en.wikipedia.org&utm_campaign=parser&utm_content=thumbnail,
Western Sydney University,,629f0bfa-11fc-4275-844f-da68fd361b43,organisation_90b439f7-44f5-7dd0-a1d2-012221b224bf,western-sydney-university-90b439f7.png,https://www.westernsydney.edu.au,https://www.westernsydney.edu.au/etc.clientlibs/wsu-core-v2/clientlibs/clientlib-site/resources/images/icons/new-tab-icon-white.svg,
